GEO.id,GEO.id2,GEO.display-label,HD01_VD01,HD02_VD01
Id,Id2,Geography,Estimate; Total,Margin of Error; Total
310M300US10180,10180,"Abilene, TX Metro Area",169747,2733
310M300US10420,10420,"Akron, OH Metro Area",703505,*****
310M300US10500,10500,"Albany, GA Metro Area",151754,1560
310M300US10540,10540,"Albany, OR Metro Area",125047,*****
310M300US10580,10580,"Albany-Schenectady-Troy, NY Metro Area",886188,*****
310M300US10740,10740,"Albuquerque, NM Metro Area",913113,2419
310M300US10780,10780,"Alexandria, LA Metro Area",153984,*****
310M300US10900,10900,"Allentown-Bethlehem-Easton, PA-NJ Metro Area",840550,*****
310M300US11020,11020,"Altoona, PA Metro Area",123457,*****
310M300US11100,11100,"Amarillo, TX Metro Area",266575,2127
310M300US11180,11180,"Ames, IA Metro Area",97502,*****
310M300US11260,11260,"Anchorage, AK Metro Area",400888,*****
310M300US11460,11460,"Ann Arbor, MI Metro Area",367627,*****
310M300US11500,11500,"Anniston-Oxford-Jacksonville, AL Metro Area",114728,*****
310M300US11540,11540,"Appleton, WI Metro Area",236126,*****
310M300US11700,11700,"Asheville, NC Metro Area",456145,*****
310M300US12020,12020,"Athens-Clarke County, GA Metro Area",206937,1995
310M300US12060,12060,"Atlanta-Sandy Springs-Roswell, GA Metro Area",5882450,2613
310M300US12100,12100,"Atlantic City-Hammonton, NJ Metro Area",269918,*****
310M300US12220,12220,"Auburn-Opelika, AL Metro Area",161604,*****
310M300US12260,12260,"Augusta-Richmond County, GA-SC Metro Area",600600,1969
310M300US12420,12420,"Austin-Round Rock, TX Metro Area",2115827,*****
310M300US12540,12540,"Bakersfield, CA Metro Area",893119,*****
310M300US12580,12580,"Baltimore-Columbia-Towson, MD Metro Area",2808175,*****
310M300US12620,12620,"Bangor, ME Metro Area",151957,*****
310M300US12700,12700,"Barnstable Town, MA Metro Area",213444,*****
310M300US12940,12940,"Baton Rouge, LA Metro Area",834159,*****
310M300US12980,12980,"Battle Creek, MI Metro Area",134128,*****
310M300US13020,13020,"Bay City, MI Metro Area",104239,*****
310M300US13140,13140,"Beaumont-Port Arthur, TX Metro Area",411339,2426
310M300US13220,13220,"Beckley, WV Metro Area",118543,*****
310M300US13380,13380,"Bellingham, WA Metro Area",221404,*****
310M300US13460,13460,"Bend-Redmond, OR Metro Area",186875,*****
310M300US13740,13740,"Billings, MT Metro Area",172081,1016
310M300US13780,13780,"Binghamton, NY Metro Area",242217,*****
310M300US13820,13820,"Birmingham-Hoover, AL Metro Area",1149807,*****
310M300US13900,13900,"Bismarck, ND Metro Area",132767,1073
310M300US13980,13980,"Blacksburg-Christiansburg-Radford, VA Metro Area",181986,3057
310M300US14010,14010,"Bloomington, IL Metro Area",186356,1574
310M300US14020,14020,"Bloomington, IN Metro Area",167825,*****
310M300US14100,14100,"Bloomsburg-Berwick, PA Metro Area",84204,*****
310M300US14260,14260,"Boise City, ID Metro Area",710323,3212
310M300US14460,14460,"Boston-Cambridge-Newton, MA-NH Metro Area",4836531,*****
310M300US14500,14500,"Boulder, CO Metro Area",322514,*****
310M300US14540,14540,"Bowling Green, KY Metro Area",178474,2667
310M300US14740,14740,"Bremerton-Silverdale, WA Metro Area",266414,*****
310M300US14860,14860,"Bridgeport-Stamford-Norwalk, CT Metro Area",949921,*****
310M300US15180,15180,"Brownsville-Harlingen, TX Metro Area",423725,*****
310M300US15260,15260,"Brunswick, GA Metro Area",114473,4336
310M300US15380,15380,"Buffalo-Cheektowaga-Niagara Falls, NY Metro Area",1136856,*****
310M300US15500,15500,"Burlington, NC Metro Area",162391,*****
310M300US15540,15540,"Burlington-South Burlington, VT Metro Area",218341,812
310M300US15680,15680,"California-Lexington Park, MD Metro Area",112667,*****
310M300US15940,15940,"Canton-Massillon, OH Metro Area",399927,*****
310M300US15980,15980,"Cape Coral-Fort Myers, FL Metro Area",739224,*****
310M300US16020,16020,"Cape Girardeau, MO-IL Metro Area",98239,2773
310M300US16060,16060,"Carbondale-Marion, IL Metro Area",125612,*****
310M300US16180,16180,"Carson City, NV Metro Area",54745,*****
310M300US16220,16220,"Casper, WY Metro Area",79547,*****
310M300US16300,16300,"Cedar Rapids, IA Metro Area",270293,*****
310M300US16540,16540,"Chambersburg-Waynesboro, PA Metro Area",154234,*****
310M300US16580,16580,"Champaign-Urbana, IL Metro Area",241000,1574
310M300US16620,16620,"Charleston, WV Metro Area",215089,2037
310M300US16700,16700,"Charleston-North Charleston, SC Metro Area",775831,*****
310M300US16740,16740,"Charlotte-Concord-Gastonia, NC-SC Metro Area",2525305,*****
310M300US16820,16820,"Charlottesville, VA Metro Area",232182,2905
310M300US16860,16860,"Chattanooga, TN-GA Metro Area",554876,2592
310M300US16940,16940,"Cheyenne, WY Metro Area",98327,*****
310M300US16980,16980,"Chicago-Naperville-Elgin, IL-IN-WI Metro Area",9533895,1695
310M300US17020,17020,"Chico, CA Metro Area",229294,*****
310M300US17140,17140,"Cincinnati, OH-KY-IN Metro Area",2180746,3625
310M300US17300,17300,"Clarksville, TN-KY Metro Area",285602,2059
310M300US17420,17420,"Cleveland, TN Metro Area",123935,1937
310M300US17460,17460,"Cleveland-Elyria, OH Metro Area",2058844,*****
310M300US17660,17660,"Coeur d'Alene, ID Metro Area",157637,*****
310M300US17780,17780,"College Station-Bryan, TX Metro Area",258860,3707
310M300US17820,17820,"Colorado Springs, CO Metro Area",723878,*****
310M300US17860,17860,"Columbia, MO Metro Area",178271,*****
310M300US17900,17900,"Columbia, SC Metro Area",825004,2175
310M300US17980,17980,"Columbus, GA-AL Metro Area",305911,3164
310M300US18020,18020,"Columbus, IN Metro Area",82040,*****
310M300US18140,18140,"Columbus, OH Metro Area",2078725,*****
310M300US18580,18580,"Corpus Christi, TX Metro Area",449830,2828
310M300US18700,18700,"Corvallis, OR Metro Area",90951,*****
310M300US18880,18880,"Crestview-Fort Walton Beach-Destin, FL Metro Area",271346,*****
310M300US19060,19060,"Cumberland, MD-WV Metro Area",98837,*****
310M300US19100,19100,"Dallas-Fort Worth-Arlington, TX Metro Area",7400479,2657
310M300US19140,19140,"Dalton, GA Metro Area",144440,*****
310M300US19180,19180,"Danville, IL Metro Area",77909,*****
310M300US19300,19300,"Daphne-Fairhope-Foley, AL Metro Area",212628,*****
310M300US19340,19340,"Davenport-Moline-Rock Island, IA-IL Metro Area",382298,1025
310M300US19380,19380,"Dayton, OH Metro Area",803416,*****
310M300US19460,19460,"Decatur, AL Metro Area",151867,*****
310M300US19500,19500,"Decatur, IL Metro Area",105801,*****
310M300US19660,19660,"Deltona-Daytona Beach-Ormond Beach, FL Metro Area",649202,*****
310M300US19740,19740,"Denver-Aurora-Lakewood, CO Metro Area",2888227,*****
310M300US19780,19780,"Des Moines-West Des Moines, IA Metro Area",645911,*****
310M300US19820,19820,"Detroit-Warren-Dearborn, MI Metro Area",4313002,*****
310M300US20020,20020,"Dothan, AL Metro Area",147914,*****
310M300US20100,20100,"Dover, DE Metro Area",176824,*****
310M300US20220,20220,"Dubuque, IA Metro Area",97041,*****
310M300US20260,20260,"Duluth, MN-WI Metro Area",278782,*****
310M300US20500,20500,"Durham-Chapel Hill, NC Metro Area",567428,*****
310M300US20700,20700,"East Stroudsburg, PA Metro Area",168046,*****
310M300US20740,20740,"Eau Claire, WI Metro Area",167484,*****
310M300US20940,20940,"El Centro, CA Metro Area",182830,*****
310M300US21060,21060,"Elizabethtown-Fort Knox, KY Metro Area",149813,1594
310M300US21140,21140,"Elkhart-Goshen, IN Metro Area",205032,*****
310M300US21300,21300,"Elmira, NY Metro Area",85557,*****
310M300US21340,21340,"El Paso, TX Metro Area",842677,1228
310M300US21420,21420,"Enid, OK Metro Area",61581,*****
310M300US21500,21500,"Erie, PA Metro Area",274541,*****
310M300US21660,21660,"Eugene, OR Metro Area",374748,*****
310M300US21780,21780,"Evansville, IN-KY Metro Area",315669,*****
310M300US21820,21820,"Fairbanks, AK Metro Area",99703,*****
310M300US22020,22020,"Fargo, ND-MN Metro Area",241356,*****
310M300US22140,22140,"Farmington, NM Metro Area",126926,*****
310M300US22180,22180,"Fayetteville, NC Metro Area",386662,*****
310M300US22220,22220,"Fayetteville-Springdale-Rogers, AR-MO Metro Area",535557,3375
310M300US22380,22380,"Flagstaff, AZ Metro Area",140776,*****
310M300US22420,22420,"Flint, MI Metro Area",407385,*****
310M300US22500,22500,"Florence, SC Metro Area",205831,*****
310M300US22520,22520,"Florence-Muscle Shoals, AL Metro Area",147038,*****
310M300US22540,22540,"Fond du Lac, WI Metro Area",102548,*****
310M300US22660,22660,"Fort Collins, CO Metro Area",343976,*****
310M300US22900,22900,"Fort Smith, AR-OK Metro Area",282086,*****
310M300US23060,23060,"Fort Wayne, IN Metro Area",434617,*****
310M300US23420,23420,"Fresno, CA Metro Area",989255,*****
310M300US23460,23460,"Gadsden, AL Metro Area",102755,*****
310M300US23540,23540,"Gainesville, FL Metro Area",285374,2471
310M300US23580,23580,"Gainesville, GA Metro Area",199335,*****
310M300US23900,23900,"Gettysburg, PA Metro Area",102336,*****
310M300US24020,24020,"Glens Falls, NY Metro Area",126152,*****
310M300US24140,24140,"Goldsboro, NC Metro Area",124172,*****
310M300US24220,24220,"Grand Forks, ND-MN Metro Area",102414,*****
310M300US24260,24260,"Grand Island, NE Metro Area",85936,734
310M300US24300,24300,"Grand Junction, CO Metro Area",151616,*****
310M300US24340,24340,"Grand Rapids-Wyoming, MI Metro Area",1059113,*****
310M300US24420,24420,"Grants Pass, OR Metro Area",86352,*****
310M300US24500,24500,"Great Falls, MT Metro Area",81654,*****
310M300US24540,24540,"Greeley, CO Metro Area",304633,*****
310M300US24580,24580,"Green Bay, WI Metro Area",320050,*****
310M300US24660,24660,"Greensboro-High Point, NC Metro Area",761184,*****
310M300US24780,24780,"Greenville, NC Metro Area",179042,*****
310M300US24860,24860,"Greenville-Anderson-Mauldin, SC Metro Area",895923,*****
310M300US25060,25060,"Gulfport-Biloxi-Pascagoula, MS Metro Area",394232,*****
310M300US25180,25180,"Hagerstown-Martinsburg, MD-WV Metro Area",265498,*****
310M300US25220,25220,"Hammond, LA Metro Area",132497,*****
310M300US25260,25260,"Hanford-Corcoran, CA Metro Area",150101,*****
310M300US25420,25420,"Harrisburg-Carlisle, PA Metro Area",571903,*****
310M300US25500,25500,"Harrisonburg, VA Metro Area",134442,*****
310M300US25540,25540,"Hartford-West Hartford-East Hartford, CT Metro Area",1210259,*****
310M300US25620,25620,"Hattiesburg, MS Metro Area",146530,2194
310M300US25860,25860,"Hickory-Lenoir-Morganton, NC Metro Area",366534,*****
310M300US25940,25940,"Hilton Head Island-Bluffton-Beaufort, SC Metro Area",215302,*****
310M300US25980,25980,"Hinesville, GA Metro Area",81044,2784
310M300US26140,26140,"Homosassa Springs, FL Metro Area",145647,*****
310M300US26300,26300,"Hot Springs, AR Metro Area",98658,*****
310M300US26380,26380,"Houma-Thibodaux, LA Metro Area",210512,*****
310M300US26420,26420,"Houston-The Woodlands-Sugar Land, TX Metro Area",6892427,*****
310M300US26580,26580,"Huntington-Ashland, WV-KY-OH Metro Area",356474,*****
310M300US26620,26620,"Huntsville, AL Metro Area",455448,*****
310M300US26820,26820,"Idaho Falls, ID Metro Area",145349,798
310M300US26900,26900,"Indianapolis-Carmel-Anderson, IN Metro Area",2027059,1958
310M300US26980,26980,"Iowa City, IA Metro Area",171491,*****
310M300US27060,27060,"Ithaca, NY Metro Area",104802,*****
310M300US27100,27100,"Jackson, MI Metro Area",158640,*****
310M300US27140,27140,"Jackson, MS Metro Area",578794,3943
310M300US27180,27180,"Jackson, TN Metro Area",129235,*****
310M300US27260,27260,"Jacksonville, FL Metro Area",1504980,*****
310M300US27340,27340,"Jacksonville, NC Metro Area",193893,*****
310M300US27500,27500,"Janesville-Beloit, WI Metro Area",162309,*****
310M300US27620,27620,"Jefferson City, MO Metro Area",147584,3070
310M300US27740,27740,"Johnson City, TN Metro Area",203462,2289
310M300US27780,27780,"Johnstown, PA Metro Area",133054,*****
310M300US27860,27860,"Jonesboro, AR Metro Area",131269,*****
310M300US27900,27900,"Joplin, MO Metro Area",178507,*****
310M300US27980,27980,"Kahului-Wailuku-Lahaina, HI Metro Area",166348,*****
310M300US28020,28020,"Kalamazoo-Portage, MI Metro Area",338338,*****
310M300US28100,28100,"Kankakee, IL Metro Area",109605,*****
310M300US28140,28140,"Kansas City, MO-KS Metro Area",2126945,1540
310M300US28420,28420,"Kennewick-Richland, WA Metro Area",290296,*****
310M300US28660,28660,"Killeen-Temple, TX Metro Area",442693,2911
310M300US28700,28700,"Kingsport-Bristol-Bristol, TN-VA Metro Area",305914,1935
310M300US28740,28740,"Kingston, NY Metro Area",179417,*****
310M300US28940,28940,"Knoxville, TN Metro Area",877874,1417
310M300US29020,29020,"Kokomo, IN Metro Area",82363,*****
310M300US29100,29100,"La Crosse-Onalaska, WI-MN Metro Area",136934,*****
310M300US29180,29180,"Lafayette, LA Metro Area",491558,*****
310M300US29200,29200,"Lafayette-West Lafayette, IN Metro Area",218769,1284
310M300US29340,29340,"Lake Charles, LA Metro Area",210962,2140
310M300US29420,29420,"Lake Havasu City-Kingman, AZ Metro Area",207200,*****
310M300US29460,29460,"Lakeland-Winter Haven, FL Metro Area",686483,*****
310M300US29540,29540,"Lancaster, PA Metro Area",542903,*****
310M300US29620,29620,"Lansing-East Lansing, MI Metro Area",477656,*****
310M300US29700,29700,"Laredo, TX Metro Area",274794,*****
310M300US29740,29740,"Las Cruces, NM Metro Area",215579,*****
310M300US29820,29820,"Las Vegas-Henderson-Paradise, NV Metro Area",2204079,*****
310M300US29940,29940,"Lawrence, KS Metro Area",120793,*****
310M300US30020,30020,"Lawton, OK Metro Area",127735,714
310M300US30140,30140,"Lebanon, PA Metro Area",139754,*****
310M300US30300,30300,"Lewiston, ID-WA Metro Area",62921,*****
310M300US30340,30340,"Lewiston-Auburn, ME Metro Area",107651,*****
310M300US30460,30460,"Lexington-Fayette, KY Metro Area",512650,*****
310M300US30620,30620,"Lima, OH Metro Area",103198,*****
310M300US30700,30700,"Lincoln, NE Metro Area",331592,1665
310M300US30780,30780,"Little Rock-North Little Rock-Conway, AR Metro Area",738082,1766
310M300US30860,30860,"Logan, UT-ID Metro Area",138219,1487
310M300US30980,30980,"Longview, TX Metro Area",217481,*****
310M300US31020,31020,"Longview, WA Metro Area",106910,*****
310M300US31080,31080,"Los Angeles-Long Beach-Anaheim, CA Metro Area",13353907,*****
310M300US31140,31140,"Louisville/Jefferson County, KY-IN Metro Area",1293722,3269
310M300US31180,31180,"Lubbock, TX Metro Area",318011,2088
310M300US31340,31340,"Lynchburg, VA Metro Area",260116,2700
310M300US31420,31420,"Macon-Bibb County, GA Metro Area",229258,2586
310M300US31460,31460,"Madera, CA Metro Area",156890,*****
310M300US31540,31540,"Madison, WI Metro Area",654230,*****
310M300US31700,31700,"Manchester-Nashua, NH Metro Area",409697,*****
310M300US31740,31740,"Manhattan, KS Metro Area",98080,*****
310M300US31860,31860,"Mankato-North Mankato, MN Metro Area",100939,*****
310M300US31900,31900,"Mansfield, OH Metro Area",120589,*****
310M300US32580,32580,"McAllen-Edinburg-Mission, TX Metro Area",860661,*****
310M300US32780,32780,"Medford, OR Metro Area",217479,*****
310M300US32820,32820,"Memphis, TN-MS-AR Metro Area",1346626,2774
310M300US32900,32900,"Merced, CA Metro Area",272673,*****
310M300US33100,33100,"Miami-Fort Lauderdale-West Palm Beach, FL Metro Area",6158824,*****
310M300US33140,33140,"Michigan City-La Porte, IN Metro Area",110029,*****
310M300US33220,33220,"Midland, MI Metro Area",83411,*****
310M300US33260,33260,"Midland, TX Metro Area",169643,1433
310M300US33340,33340,"Milwaukee-Waukesha-West Allis, WI Metro Area",1576236,*****
310M300US33460,33460,"Minneapolis-St. Paul-Bloomington, MN-WI Metro Area",3600618,*****
310M300US33540,33540,"Missoula, MT Metro Area",117441,*****
310M300US33660,33660,"Mobile, AL Metro Area",413955,*****
310M300US33700,33700,"Modesto, CA Metro Area",547899,*****
310M300US33740,33740,"Monroe, LA Metro Area",178445,*****
310M300US33780,33780,"Monroe, MI Metro Area",149649,*****
310M300US33860,33860,"Montgomery, AL Metro Area",373889,1706
310M300US34060,34060,"Morgantown, WV Metro Area",138709,*****
310M300US34100,34100,"Morristown, TN Metro Area",118081,*****
310M300US34580,34580,"Mount Vernon-Anacortes, WA Metro Area",125619,*****
310M300US34620,34620,"Muncie, IN Metro Area",115184,*****
310M300US34740,34740,"Muskegon, MI Metro Area",173693,*****
310M300US34820,34820,"Myrtle Beach-Conway-North Myrtle Beach, SC-NC Metro Area",464165,*****
310M300US34900,34900,"Napa, CA Metro Area",140973,*****
310M300US34940,34940,"Naples-Immokalee-Marco Island, FL Metro Area",372880,*****
310M300US34980,34980,"Nashville-Davidson--Murfreesboro--Franklin, TN Metro Area",1904226,2046
310M300US35100,35100,"New Bern, NC Metro Area",125786,1924
310M300US35300,35300,"New Haven-Milford, CT Metro Area",860435,*****
310M300US35380,35380,"New Orleans-Metairie, LA Metro Area",1275762,*****
310M300US35620,35620,"New York-Newark-Jersey City, NY-NJ-PA Metro Area",20320876,*****
310M300US35660,35660,"Niles-Benton Harbor, MI Metro Area",154259,*****
310M300US35840,35840,"North Port-Sarasota-Bradenton, FL Metro Area",804690,*****
310M300US35980,35980,"Norwich-New London, CT Metro Area",269033,*****
310M300US36100,36100,"Ocala, FL Metro Area",354353,*****
310M300US36140,36140,"Ocean City, NJ Metro Area",93553,*****
310M300US36220,36220,"Odessa, TX Metro Area",157087,*****
310M300US36260,36260,"Ogden-Clearfield, UT Metro Area",666547,1320
310M300US36420,36420,"Oklahoma City, OK Metro Area",1383737,*****
310M300US36500,36500,"Olympia-Tumwater, WA Metro Area",280588,*****
310M300US36540,36540,"Omaha-Council Bluffs, NE-IA Metro Area",934184,1037
310M300US36740,36740,"Orlando-Kissimmee-Sanford, FL Metro Area",2509831,*****
310M300US36780,36780,"Oshkosh-Neenah, WI Metro Area",170414,*****
310M300US36980,36980,"Owensboro, KY Metro Area",118831,2079
310M300US37100,37100,"Oxnard-Thousand Oaks-Ventura, CA Metro Area",854223,*****
310M300US37340,37340,"Palm Bay-Melbourne-Titusville, FL Metro Area",589162,*****
310M300US37460,37460,"Panama City, FL Metro Area",202236,2005
310M300US37620,37620,"Parkersburg-Vienna, WV Metro Area",90424,1506
310M300US37860,37860,"Pensacola-Ferry Pass-Brent, FL Metro Area",487784,*****
310M300US37900,37900,"Peoria, IL Metro Area",373637,680
310M300US37980,37980,"Philadelphia-Camden-Wilmington, PA-NJ-DE-MD Metro Area",6096120,*****
310M300US38060,38060,"Phoenix-Mesa-Scottsdale, AZ Metro Area",4737270,*****
310M300US38220,38220,"Pine Bluff, AR Metro Area",89998,1324
310M300US38300,38300,"Pittsburgh, PA Metro Area",2333367,*****
310M300US38340,38340,"Pittsfield, MA Metro Area",126313,*****
310M300US38540,38540,"Pocatello, ID Metro Area",85269,*****
310M300US38860,38860,"Portland-South Portland, ME Metro Area",532083,*****
310M300US38900,38900,"Portland-Vancouver-Hillsboro, OR-WA Metro Area",2451560,1226
310M300US38940,38940,"Port St. Lucie, FL Metro Area",473429,*****
310M300US39140,39140,"Prescott, AZ Metro Area",228168,*****
310M300US39300,39300,"Providence-Warwick, RI-MA Metro Area",1621122,*****
310M300US39340,39340,"Provo-Orem, UT Metro Area",617678,1250
310M300US39380,39380,"Pueblo, CO Metro Area",166475,*****
310M300US39460,39460,"Punta Gorda, FL Metro Area",182033,*****
310M300US39540,39540,"Racine, WI Metro Area",196071,*****
310M300US39580,39580,"Raleigh, NC Metro Area",1335079,*****
310M300US39660,39660,"Rapid City, SD Metro Area",147087,2490
310M300US39740,39740,"Reading, PA Metro Area",417854,*****
310M300US39820,39820,"Redding, CA Metro Area",179921,*****
310M300US39900,39900,"Reno, NV Metro Area",465208,1492
310M300US40060,40060,"Richmond, VA Metro Area",1301540,5408
310M300US40140,40140,"Riverside-San Bernardino-Ontario, CA Metro Area",4580670,*****
310M300US40220,40220,"Roanoke, VA Metro Area",312688,1199
310M300US40340,40340,"Rochester, MN Metro Area",218280,*****
310M300US40380,40380,"Rochester, NY Metro Area",1077948,*****
310M300US40420,40420,"Rockford, IL Metro Area",338291,*****
310M300US40580,40580,"Rocky Mount, NC Metro Area",146738,*****
310M300US40660,40660,"Rome, GA Metro Area",97613,*****
310M300US40900,40900,"Sacramento--Roseville--Arden-Arcade, CA Metro Area",2324884,*****
310M300US40980,40980,"Saginaw, MI Metro Area",191934,*****
310M300US41060,41060,"St. Cloud, MN Metro Area",197759,*****
310M300US41100,41100,"St. George, UT Metro Area",165662,*****
310M300US41140,41140,"St. Joseph, MO-KS Metro Area",127092,1308
310M300US41180,41180,"St. Louis, MO-IL Metro Area",2807216,2007
310M300US41420,41420,"Salem, OR Metro Area",424982,*****
310M300US41500,41500,"Salinas, CA Metro Area",437907,*****
310M300US41540,41540,"Salisbury, MD-DE Metro Area",405853,*****
310M300US41620,41620,"Salt Lake City, UT Metro Area",1203105,*****
310M300US41660,41660,"San Angelo, TX Metro Area",119317,589
310M300US41700,41700,"San Antonio-New Braunfels, TX Metro Area",2473974,*****
310M300US41740,41740,"San Diego-Carlsbad, CA Metro Area",3337685,*****
310M300US41860,41860,"San Francisco-Oakland-Hayward, CA Metro Area",4727357,*****
310M300US41940,41940,"San Jose-Sunnyvale-Santa Clara, CA Metro Area",1998463,*****
310M300US42020,42020,"San Luis Obispo-Paso Robles-Arroyo Grande, CA Metro Area",283405,*****
310M300US42100,42100,"Santa Cruz-Watsonville, CA Metro Area",275897,*****
310M300US42140,42140,"Santa Fe, NM Metro Area",148750,*****
310M300US42200,42200,"Santa Maria-Santa Barbara, CA Metro Area",448150,*****
310M300US42220,42220,"Santa Rosa, CA Metro Area",504217,*****
310M300US42340,42340,"Savannah, GA Metro Area",387543,*****
310M300US42540,42540,"Scranton--Wilkes-Barre--Hazleton, PA Metro Area",555426,*****
310M300US42660,42660,"Seattle-Tacoma-Bellevue, WA Metro Area",3867046,*****
310M300US42680,42680,"Sebastian-Vero Beach, FL Metro Area",154383,*****
310M300US42700,42700,"Sebring, FL Metro Area",102883,*****
310M300US43100,43100,"Sheboygan, WI Metro Area",115344,*****
310M300US43300,43300,"Sherman-Denison, TX Metro Area",131140,*****
310M300US43340,43340,"Shreveport-Bossier City, LA Metro Area",440933,*****
310M300US43420,43420,"Sierra Vista-Douglas, AZ Metro Area",124756,*****
310M300US43580,43580,"Sioux City, IA-NE-SD Metro Area",169131,2007
310M300US43620,43620,"Sioux Falls, SD Metro Area",259650,509
310M300US43780,43780,"South Bend-Mishawaka, IN-MI Metro Area",321815,*****
310M300US43900,43900,"Spartanburg, SC Metro Area",334391,*****
310M300US44060,44060,"Spokane-Spokane Valley, WA Metro Area",564291,1934
310M300US44100,44100,"Springfield, IL Metro Area",207596,1319
310M300US44140,44140,"Springfield, MA Metro Area",631652,*****
310M300US44180,44180,"Springfield, MO Metro Area",461469,2654
310M300US44220,44220,"Springfield, OH Metro Area",134557,*****
310M300US44300,44300,"State College, PA Metro Area",162660,*****
310M300US44420,44420,"Staunton-Waynesboro, VA Metro Area",121999,*****
310M300US44700,44700,"Stockton-Lodi, CA Metro Area",745424,*****
310M300US44940,44940,"Sumter, SC Metro Area",106847,*****
310M300US45060,45060,"Syracuse, NY Metro Area",654841,*****
310M300US45220,45220,"Tallahassee, FL Metro Area",385473,1789
310M300US45300,45300,"Tampa-St. Petersburg-Clearwater, FL Metro Area",3091399,*****
310M300US45460,45460,"Terre Haute, IN Metro Area",165798,3169
310M300US45500,45500,"Texarkana, TX-AR Metro Area",152188,2132
310M300US45540,45540,"The Villages, FL Metro Area",125165,*****
310M300US45780,45780,"Toledo, OH Metro Area",603668,*****
310M300US45820,45820,"Topeka, KS Metro Area",233149,*****
310M300US45940,45940,"Trenton, NJ Metro Area",374733,*****
310M300US46060,46060,"Tucson, AZ Metro Area",1022769,*****
310M300US46140,46140,"Tulsa, OK Metro Area",990773,1260
310M300US46220,46220,"Tuscaloosa, AL Metro Area",242279,3230
310M300US46340,46340,"Tyler, TX Metro Area",227727,*****
310M300US46520,46520,"Urban Honolulu, HI Metro Area",988650,*****
310M300US46540,46540,"Utica-Rome, NY Metro Area",293572,*****
310M300US46660,46660,"Valdosta, GA Metro Area",145871,1448
310M300US46700,46700,"Vallejo-Fairfield, CA Metro Area",445458,*****
310M300US47020,47020,"Victoria, TX Metro Area",100228,1664
310M300US47220,47220,"Vineland-Bridgeton, NJ Metro Area",152538,*****
310M300US47260,47260,"Virginia Beach-Norfolk-Newport News, VA-NC Metro Area",1724388,3765
310M300US47300,47300,"Visalia-Porterville, CA Metro Area",464493,*****
310M300US47380,47380,"Waco, TX Metro Area",267554,2227
310M300US47460,47460,"Walla Walla, WA Metro Area",64831,874
310M300US47580,47580,"Warner Robins, GA Metro Area",192766,2475
310M300US47900,47900,"Washington-Arlington-Alexandria, DC-VA-MD-WV Metro Area",6216710,2604
310M300US47940,47940,"Waterloo-Cedar Falls, IA Metro Area",169892,*****
310M300US48060,48060,"Watertown-Fort Drum, NY Metro Area",114187,*****
310M300US48140,48140,"Wausau, WI Metro Area",135732,*****
310M300US48260,48260,"Weirton-Steubenville, WV-OH Metro Area",119664,2012
310M300US48300,48300,"Wenatchee, WA Metro Area",118478,*****
310M300US48540,48540,"Wheeling, WV-OH Metro Area",141254,*****
310M300US48620,48620,"Wichita, KS Metro Area",646542,1152
310M300US48660,48660,"Wichita Falls, TX Metro Area",151230,*****
310M300US48700,48700,"Williamsport, PA Metro Area",113841,*****
310M300US48900,48900,"Wilmington, NC Metro Area",288156,*****
310M300US49020,49020,"Winchester, VA-WV Metro Area",139223,2617
310M300US49180,49180,"Winston-Salem, NC Metro Area",667733,*****
310M300US49340,49340,"Worcester, MA-CT Metro Area",942475,*****
310M300US49420,49420,"Yakima, WA Metro Area",250193,*****
310M300US49620,49620,"York-Hanover, PA Metro Area",446078,*****
310M300US49660,49660,"Youngstown-Warren-Boardman, OH-PA Metro Area",541926,*****
310M300US49700,49700,"Yuba City, CA Metro Area",173679,*****
310M300US49740,49740,"Yuma, AZ Metro Area",207534,*****
